Condition,Price,Like Count,View Count,Registration Period
새 상품,990000,53,7613,8시간 전
사용감 적음,60000,395,21554,1시간 전
사용감 없음,500000,6,245,2분 전
사용감 없음,450000,2,47,14분 전
새 상품,680000,0,5,15분 전
사용감 없음,57000,6,383,3일 전
사용감 없음,500000,3,31,18분 전
사용감 적음,360000,32,577,21분 전
사용감 없음,550000,1,88,27분 전
사용감 없음,490000,54,1645,15분 전
사용감 적음,35000,341,15028,1시간 전
사용감 없음,430000,10,294,28분 전
사용감 적음,20000,0,2,42분 전
사용감 없음,450000,0,17,43분 전
사용감 적음,25000,1162,40385,2시간 전
새 상품,10040000,3,225,37분 전
새 상품,10040000,2,150,37분 전
새 상품,10040000,1,91,37분 전
새 상품,10040000,2,92,37분 전
사용감 없음,30000,130,8120,1주 전
사용감 없음,550000,1,194,50분 전
사용감 많음,350000,1,26,1시간 전
사용감 적음,450000,0,13,1시간 전
새 상품,160000,292,24424,2일 전
새 상품,7300,0,5,1시간 전
사용감 없음,30000,0,12,1시간 전
사용감 없음,80000,0,7,1시간 전
사용감 없음,600000,0,59,3시간 전
새 상품,488000,1,14,1시간 전
사용감 없음,530000,1,15,1시간 전
사용감 없음,15000,1,33,1시간 전
사용감 없음,480000,0,7,1시간 전
새 상품,25000,1814,60027,3시간 전
사용감 없음,450000,0,9,1시간 전
사용감 적음,400000,2,38,1시간 전
사용감 없음,35000,1,21,1시간 전
새 상품,990000,53,7613,8시간 전
새 상품,663000,0,33,4시간 전
사용감 없음,450000,9,101,1시간 전
사용감 적음,340000,3,93,2시간 전
사용감 적음,330000,0,18,2시간 전
사용감 적음,150000,0,10,2시간 전
사용감 없음,500000,8,448,1시간 전
사용감 없음,660000,1,204,1시간 전
사용감 없음,360000,2,19,2시간 전
사용감 적음,390000,25,204,2시간 전
사용감 없음,360000,10,169,2시간 전
사용감 적음,390000,0,13,3시간 전
새 상품,8290,9,416,1시간 전
새 상품,689000,5,105,2시간 전
사용감 적음,300000,10,95,2시간 전
사용감 적음,420000,0,16,3시간 전
사용감 없음,79500,1,32,2시간 전
사용감 없음,410000,1,70,2시간 전
사용감 없음,666000,0,4,3시간 전
사용감 적음,490000,0,93,2시간 전
사용감 없음,560000,1,166,2시간 전
사용감 없음,450000,5,44,2시간 전
사용감 적음,500000,0,43,3시간 전
사용감 없음,50000,7,196,2시간 전
새 상품,680000,9,293,2시간 전
사용감 없음,450000,2,94,2시간 전
사용감 없음,550000,3,137,3시간 전
새 상품,990000,53,7613,8시간 전
새 상품,838000,0,16,4시간 전
사용감 적음,400000,1,15,5시간 전
새 상품,380000,1,68,4시간 전
사용감 없음,550000,4,75,3시간 전
새 상품,420000,3,92,4시간 전
새 상품,380000,13,220,4시간 전
사용감 적음,420000,1,59,4시간 전
사용감 없음,370000,3,112,4시간 전
새 상품,45000,0,7,5시간 전
사용감 없음,460000,6,121,3시간 전
사용감 적음,350000,35,985,3시간 전
새 상품,480000,8,112,4시간 전
사용감 적음,470000,0,18,5시간 전
새 상품,625000,1,32,5시간 전
사용감 많음,350000,3,111,5시간 전
사용감 없음,1050000,0,12,5시간 전
사용감 없음,450000,5,48,5시간 전
새 상품,500,0,81,9시간 전
사용감 적음,400000,3,232,5시간 전
새 상품,680000,3,49,5시간 전
새 상품,399000,2,131,5시간 전
사용감 없음,25000,5,51,4시간 전
사용감 적음,400000,9,318,19시간 전
사용감 없음,380000,5,81,8시간 전
새 상품,20000,0,38,6시간 전
사용감 많음,360000,6,92,8시간 전
사용감 없음,420000,34,1519,7시간 전
사용감 없음,430000,25,600,8시간 전
사용감 적음,430000,49,1888,10시간 전
사용감 없음,490000,12,469,7시간 전
사용감 없음,730000,5,166,6시간 전
사용감 적음,410000,17,336,8시간 전
사용감 없음,600000,11,460,6시간 전
새 상품,58000,29,1157,9시간 전
사용감 없음,15000,1,28,11시간 전
사용감 적음,12000,8,317,6시간 전
사용감 없음,460000,17,372,10시간 전
사용감 없음,75000,12,111,9시간 전
사용감 없음,75000,8,70,9시간 전
사용감 없음,420000,16,324,10시간 전
사용감 없음,35000,9,117,8시간 전
새 상품,550000,43,767,7시간 전
사용감 적음,410000,13,333,10시간 전
사용감 없음,500000,10,163,8시간 전
사용감 없음,530000,6,100,7시간 전
사용감 없음,10000,0,35,8시간 전
새 상품,600000,14,385,8시간 전
사용감 없음,650000,45,3686,6시간 전
사용감 없음,500000,6,162,8시간 전
사용감 적음,490000,0,12,15시간 전
사용감 없음,420000,3,26,20시간 전
새 상품,20000,0,14,10시간 전
새 상품,990000,53,7613,8시간 전
사용감 없음,400000,2,27,17시간 전
사용감 많음,390000,0,25,21시간 전
새 상품,580000,1,18,12시간 전
사용감 없음,400000,5,46,20시간 전
사용감 없음,480000,2,42,18시간 전
사용감 많음,370000,3,81,23시간 전
사용감 없음,470000,1,14,23시간 전
사용감 적음,500000,3,36,20시간 전
사용감 없음,410000,2,35,14시간 전
사용감 없음,4900000,0,36,23시간 전
사용감 적음,450000,1,29,21시간 전
사용감 없음,490000,0,42,12시간 전
사용감 없음,430000,9,54,22시간 전
사용감 없음,380000,24,228,19시간 전
사용감 없음,350000,2,40,21시간 전
새 상품,42000,0,6,21시간 전
사용감 없음,560000,0,39,12시간 전
사용감 없음,550000,2,66,16시간 전
새 상품,399000,3,55,22시간 전
사용감 많음,300000,10,124,23시간 전
사용감 없음,460000,3,33,23시간 전
새 상품,670000,1,29,18시간 전
사용감 적음,370000,15,241,19시간 전
사용감 없음,470000,3,76,18시간 전
사용감 적음,450000,3,64,14시간 전
사용감 적음,520000,3,106,12시간 전
사용감 적음,440000,0,136,13시간 전
사용감 없음,550000,6,104,16시간 전
고장/파손 상품,190000,3,104,17시간 전
새 상품,990000,53,7613,8시간 전
사용감 없음,445000,1,42,20시간 전
새 상품,990000,53,7613,8시간 전
사용감 없음,500000,2,56,18시간 전
사용감 적음,430000,8,312,19시간 전
사용감 적음,400000,10,262,20시간 전
사용감 적음,390000,5,289,23시간 전
사용감 없음,520000,5,123,14시간 전
새 상품,650000,6,242,21시간 전
사용감 없음,550000,1,180,21시간 전
사용감 없음,9999999,0,290,13시간 전
사용감 적음,550000,4,410,19시간 전
사용감 없음,9900,6,498,17시간 전
사용감 적음,30000,0,266,15시간 전
사용감 없음,530000,8,295,19시간 전
사용감 많음,280000,4,358,2일 전
사용감 많음,280000,1,56,2일 전
고장/파손 상품,220000,2,108,2일 전
새 상품,570000,4,36,2일 전
사용감 적음,300000,3,60,2일 전
사용감 많음,400000,0,47,2일 전
사용감 적음,350000,3,69,2일 전
사용감 없음,400000,0,36,2일 전
사용감 적음,360000,7,146,2일 전
사용감 없음,450000,2,96,2일 전
사용감 적음,330000,8,184,2일 전
사용감 적음,450000,1,24,2일 전
사용감 없음,400000,1,27,2일 전
사용감 적음,480000,0,33,2일 전
사용감 적음,410000,2,108,2일 전
새 상품,990000,53,7613,8시간 전
사용감 없음,450000,3,23,2일 전
사용감 적음,345000,10,206,2일 전
새 상품,35000,0,2,2일 전
새 상품,680000,3,57,2일 전
사용감 적음,350000,15,219,2일 전
사용감 적음,365000,1,27,2일 전
사용감 없음,450000,3,73,2일 전
사용감 적음,380000,4,42,2일 전
사용감 없음,395000,5,45,2일 전
사용감 없음,520000,2,23,2일 전
새 상품,680000,2,57,2일 전
새 상품,690000,0,22,2일 전
사용감 없음,35000,1,29,2일 전
사용감 적음,400000,2,100,2일 전
사용감 적음,350000,6,446,2일 전
사용감 없음,420000,2,97,2일 전
사용감 없음,495000,5,187,2일 전
사용감 없음,400000,14,114,2일 전
사용감 없음,999999999,0,22,2일 전
새 상품,760000,0,55,2일 전
사용감 적음,250000,3,195,2일 전
사용감 적음,400000,5,117,2일 전
사용감 없음,450000,10,162,2일 전
새 상품,620000,17,218,2일 전
사용감 없음,850000,0,49,2일 전
사용감 없음,500000,4,57,2일 전
사용감 없음,550000,12,781,2일 전
사용감 없음,450000,31,637,2일 전
사용감 적음,380000,14,428,2일 전
새 상품,990000,53,7613,8시간 전
사용감 많음,420000,5,375,2일 전
사용감 적음,480000,1,77,2일 전
사용감 적음,370000,5,399,2일 전
새 상품,560000,9,111,2일 전
사용감 적음,430000,3,188,2일 전
사용감 적음,450000,12,497,2일 전
사용감 적음,450000,3,138,2일 전
사용감 없음,500000,28,587,2일 전
사용감 없음,450000,10,252,2일 전
사용감 없음,470000,6,101,2일 전
사용감 없음,9000,6,105,2일 전
사용감 적음,360000,20,519,2일 전
사용감 없음,280000,18,101,2일 전
사용감 없음,450000,19,158,2일 전
사용감 없음,550000,6,871,2일 전
새 상품,10000,2,29,2일 전
사용감 많음,400000,0,64,3일 전
새 상품,500000,0,25,3일 전
새 상품,16000,35,385,2일 전
사용감 없음,1000,0,16,3일 전
사용감 적음,400000,2,102,3일 전
사용감 없음,350000,18,231,3일 전
사용감 없음,410000,18,506,2일 전
사용감 적음,590000,0,26,3일 전
사용감 적음,280000,2,91,3일 전
새 상품,16900,10,158,2일 전
새 상품,15000,73,1245,2일 전
사용감 없음,1000,0,31,2일 전
새 상품,550000,2,87,3일 전
새 상품,990000,53,7613,8시간 전
사용감 없음,460000,34,476,2일 전
새 상품,15000,189,2606,2일 전
사용감 적음,440000,8,104,3일 전
사용감 없음,400000,8,124,2일 전
새 상품,14900,8,281,2일 전
사용감 없음,390000,11,129,3일 전
새 상품,43000,3,22,3일 전
사용감 없음,550000,6,60,3일 전
사용감 없음,530000,6,282,2일 전
새 상품,350000,3,95,3일 전
새 상품,19500,194,2724,2일 전
새 상품,15000,105,2713,2일 전
사용감 없음,1004,0,11,3일 전
새 상품,18000,3,48,3일 전
사용감 없음,450000,0,25,3일 전
사용감 적음,18000,0,62,2일 전
사용감 적음,3000,1,346,2일 전
사용감 적음,610000,7,116,3일 전
사용감 적음,370000,4,82,4일 전
사용감 없음,539000,1,22,4일 전
사용감 적음,380000,3,65,4일 전
고장/파손 상품,330000,21,3340,3일 전
사용감 없음,550000,1,157,3일 전
사용감 적음,450000,1,23,4일 전
사용감 없음,17000,2,73,3일 전
새 상품,700000,0,36,4일 전
사용감 없음,400000,20,237,3일 전
사용감 없음,380000,15,339,3일 전
사용감 적음,374000,24,559,3일 전
새 상품,990000,53,7613,8시간 전
사용감 적음,400000,0,45,4일 전
사용감 없음,440000,5,89,3일 전
새 상품,13500,13,1086,3일 전
사용감 적음,450000,0,51,4일 전
사용감 적음,360000,20,576,3일 전
사용감 적음,480000,55,564,3일 전
새 상품,5000,1,148,3일 전
새 상품,640000,2,97,4일 전
사용감 없음,489000,77,3734,3일 전
새 상품,13500,10,645,3일 전
사용감 적음,390000,1,75,4일 전
사용감 없음,550000,6,560,3일 전
사용감 적음,15000,5,197,3일 전
새 상품,389000,6,111,4일 전
사용감 없음,510000,40,1034,3일 전
사용감 적음,430000,3,243,3일 전
사용감 없음,10000,7,75,3일 전
사용감 없음,470000,0,14,4일 전
새 상품,675000,16,634,3일 전
사용감 적음,450000,1,172,3일 전
사용감 없음,470000,4,53,4일 전
사용감 많음,300000,15,427,2주 전
사용감 적음,510000,0,40,4일 전
사용감 적음,330000,1,58,5일 전
사용감 없음,370000,4,78,5일 전
사용감 적음,400000,0,44,5일 전
사용감 없음,450000,2,30,5일 전
사용감 적음,8000,45,2309,3일 전
사용감 많음,350000,4,130,5일 전
새 상품,990000,53,7613,8시간 전
사용감 없음,355000,4,90,5일 전
사용감 적음,450000,1,37,5일 전
고장/파손 상품,120000,5,158,5일 전
새 상품,386000,2,91,5일 전
새 상품,570000,7,85,5일 전
사용감 없음,290000,13,849,4일 전
사용감 적음,310000,8,153,5일 전
고장/파손 상품,300000,5,73,5일 전
사용감 없음,561100,2,94,2주 전
사용감 없음,415000,17,567,4일 전
사용감 없음,32000,12,252,4일 전
새 상품,100000000,50,7650,2일 전
사용감 적음,400000,14,450,4일 전
사용감 적음,380000,10,349,4일 전
사용감 적음,400000,5,300,4일 전
사용감 적음,55000,14,524,4일 전
사용감 적음,360000,2,75,5일 전
사용감 없음,5000,12,137,4일 전
사용감 적음,470000,13,208,4일 전
사용감 없음,470000,7,100,4일 전
사용감 없음,350000,10,87,5일 전
사용감 적음,420000,3,52,6일 전
사용감 없음,350000,19,157,6일 전
사용감 없음,430000,17,409,1달 전
사용감 적음,460000,2,40,6일 전
사용감 많음,250000,10,285,6일 전
사용감 없음,450000,1,62,6일 전
사용감 없음,470000,5,578,5일 전
사용감 적음,345000,18,410,5일 전
새 상품,990000,53,7613,8시간 전
사용감 적음,500000,3,78,5일 전
새 상품,386000,1,122,6일 전
사용감 없음,380000,4,387,5일 전
사용감 없음,45000,0,39,6일 전
사용감 많음,300000,22,1144,5일 전
사용감 적음,450000,1,35,6일 전
새 상품,12345,0,30,6일 전
사용감 없음,570000,3,89,6일 전
사용감 없음,450000,1,42,6일 전
사용감 없음,480000,1,31,6일 전
새 상품,680000,5,110,6일 전
사용감 적음,370000,25,468,6일 전
새 상품,150000,1,125,6일 전
새 상품,600000,48,3235,5일 전
새 상품,99999999,0,94,5일 전
사용감 많음,320000,1,171,7일 전
사용감 없음,420000,11,401,6일 전
사용감 적음,450000,1,157,6일 전
사용감 없음,370000,9,93,7일 전
사용감 없음,380000,17,138,7일 전
사용감 적음,18000,1,74,6일 전
사용감 없음,15000,5,678,6일 전
사용감 적음,400000,0,52,7일 전
새 상품,67000,16,338,6일 전
사용감 적음,430000,9,415,6일 전
새 상품,595000,12,187,2주 전
새 상품,51810,6,100,6일 전
사용감 적음,450000,1,42,7일 전
새 상품,45000,15,863,6일 전
새 상품,990000,53,7613,8시간 전
새 상품,5500,19,1465,6일 전
사용감 없음,50000,2,39,7일 전
사용감 적음,400000,7,354,3주 전
사용감 없음,500000,1,102,6일 전
사용감 없음,415000,5,93,3주 전
새 상품,50000,13,713,6일 전
새 상품,600000,37,5215,6일 전
새 상품,530000,182,17653,6일 전
사용감 많음,150000,5,496,7일 전
사용감 많음,310000,8,186,1달 전
사용감 없음,330000,1,98,7일 전
사용감 없음,480000,5,109,7일 전
새 상품,680000,13,722,6시간 전
사용감 적음,480000,19,319,7일 전
사용감 없음,430000,2,30,1주 전
사용감 없음,490000,9,472,7일 전
사용감 많음,450000,10,540,7일 전
사용감 적음,340000,3,46,1주 전
새 상품,450000,0,21,1주 전
고장/파손 상품,200000,11,455,7일 전
사용감 없음,410000,9,108,1주 전
사용감 적음,530000,13,232,7일 전
사용감 없음,360000,7,121,1주 전
사용감 적음,520000,0,18,1주 전
사용감 적음,400000,37,3153,7일 전
사용감 없음,550000,0,44,1주 전
사용감 많음,400000,0,51,1주 전
사용감 없음,430000,22,240,1주 전
사용감 없음,390000,7,97,1주 전
새 상품,990000,53,7613,8시간 전
사용감 적음,400000,2,57,1주 전
새 상품,600000,14,361,1주 전
사용감 없음,510000,53,845,7일 전
고장/파손 상품,200000,3,154,1주 전
사용감 없음,350000,1,55,1주 전
사용감 없음,490000,15,830,7일 전
사용감 많음,200000,19,703,1주 전
사용감 없음,390000,14,653,7일 전
사용감 적음,470000,2,136,1주 전
사용감 없음,500000,0,36,1주 전
사용감 없음,380000,2,52,1주 전
사용감 없음,300000,18,303,1주 전
사용감 적음,477000,0,34,1주 전
사용감 많음,310000,17,1415,7일 전
사용감 적음,25000,0,38,1주 전
사용감 적음,370000,5,117,1주 전
사용감 적음,350000,8,108,1주 전
사용감 적음,500000,5,180,7일 전
사용감 없음,360000,17,163,1주 전
사용감 없음,400000,1,71,2달 전
사용감 없음,400000,5,147,1주 전
사용감 적음,440000,7,198,1달 전
사용감 없음,490000,3,63,1주 전
사용감 많음,270000,0,90,1주 전
사용감 없음,430000,0,57,1주 전
사용감 없음,400000,5,121,1주 전
사용감 없음,490000,3,127,7일 전
새 상품,560000,0,39,1주 전
사용감 없음,380000,25,180,1주 전
새 상품,990000,53,7613,8시간 전
사용감 적음,390000,3,45,1주 전
사용감 없음,450000,2,13,1주 전
사용감 없음,466000,5,29,1주 전
사용감 적음,400000,4,163,1주 전
사용감 없음,363500,2,46,1주 전
사용감 적음,410000,7,96,1주 전
새 상품,450000,1,56,1주 전
사용감 없음,500000,0,45,1주 전
새 상품,400000,0,92,1주 전
사용감 없음,11111,0,37,1주 전
사용감 많음,380000,1,100,1주 전
사용감 없음,470000,3,51,1주 전
새 상품,99999999,0,30,1주 전
사용감 적음,400000,6,150,1주 전
사용감 없음,480000,2,278,1달 전
사용감 없음,390000,4,77,1주 전
새 상품,640000,1,31,1주 전
사용감 없음,450000,0,34,1주 전
사용감 없음,460000,32,738,7일 전
사용감 적음,400000,10,172,1주 전
사용감 없음,360000,2,114,1주 전
사용감 적음,500000,1,56,1주 전
사용감 없음,650000,1,71,1주 전
사용감 적음,420000,13,276,1주 전
사용감 적음,420000,1,98,1주 전
사용감 없음,500000,3,56,1주 전
사용감 없음,430000,8,82,1주 전
사용감 없음,10000,2,15,1주 전
사용감 없음,420000,3,48,1주 전
새 상품,990000,53,7613,8시간 전
새 상품,500000,2,67,1주 전
사용감 없음,420000,3,86,1주 전
새 상품,680000,0,259,1주 전
사용감 적음,400000,2,241,1주 전
사용감 적음,140000,0,21,1주 전
새 상품,729000,2,109,1주 전
새 상품,600000,2,46,1주 전
사용감 적음,450000,2,49,1주 전
새 상품,670000,2,153,1주 전
사용감 적음,400000,4,924,1주 전
사용감 없음,400000,5,57,1주 전
새 상품,13500,24,772,1주 전
사용감 적음,480000,1,75,1주 전
사용감 적음,400000,9,194,2주 전
사용감 없음,500000,1,24,2주 전
사용감 적음,350000,15,280,1주 전
사용감 없음,480000,2,85,2주 전
새 상품,13500,13,978,1주 전
사용감 없음,430000,2,29,2주 전
사용감 많음,250000,0,91,2주 전
사용감 적음,380000,4,107,1주 전
새 상품,12900,0,108,1주 전
사용감 없음,400000,3,64,1주 전
사용감 적음,450000,3,41,1주 전
고장/파손 상품,200000,6,433,2주 전
새 상품,600000,0,35,2주 전
사용감 적음,180000,5,95,2주 전
새 상품,500000,3,120,1주 전
사용감 적음,300000,20,294,2주 전
새 상품,990000,53,7613,8시간 전
사용감 없음,100000000,0,91,1주 전
사용감 없음,650000,0,27,1주 전
사용감 없음,530000,5,194,1주 전
사용감 없음,460000,8,69,2주 전
새 상품,80000,5,220,1주 전
새 상품,20000,20,186,1주 전
사용감 없음,515000,2,83,2주 전
사용감 적음,90000,4,118,1주 전
사용감 적음,450000,4,502,1주 전
사용감 없음,680000,0,177,1주 전
사용감 적음,40000,2,111,2주 전
사용감 없음,350000,28,584,2주 전
새 상품,10000,14,540,2주 전
사용감 없음,540000,0,23,2주 전
새 상품,690000,10,689,6일 전
사용감 없음,450000,3,80,2주 전
새 상품,620000,10,311,1주 전
사용감 없음,450000,18,290,1주 전
사용감 적음,500000,1,31,2주 전
사용감 없음,480000,2,39,1주 전
사용감 적음,380000,6,127,2주 전
사용감 없음,400000,0,41,1주 전
새 상품,600000,1,82,1주 전
사용감 없음,300000,0,355,1주 전
새 상품,20000,4,68,2주 전
사용감 적음,370000,8,130,2주 전
사용감 적음,320000,1,58,2주 전
사용감 적음,390000,2,43,2주 전
사용감 적음,360000,16,525,2주 전
새 상품,990000,53,7613,8시간 전
중고,6000,13,872,1주 전
사용감 없음,410000,8,127,2주 전
사용감 많음,310000,3,95,2주 전
사용감 적음,480000,31,1436,2주 전
사용감 적음,460000,0,40,2주 전
사용감 적음,360000,11,113,2주 전
사용감 적음,21000,54,1945,1주 전
사용감 적음,365000,6,230,2주 전
사용감 없음,400000,7,163,1주 전
고장/파손 상품,176200,9,185,1주 전
사용감 없음,500000,8,59,2주 전
새 상품,595000,15,281,2주 전
사용감 많음,400000,1,66,2주 전
사용감 없음,700000,2,282,1주 전
사용감 적음,450000,0,32,3주 전
새 상품,1000,0,32,2주 전
사용감 없음,400000,5,104,3주 전
새 상품,123456,0,28,2주 전
새 상품,639000,11,740,2주 전
사용감 없음,500000,2,43,2주 전
사용감 없음,520000,8,210,2주 전
사용감 적음,12000,0,49,1주 전
새 상품,16900,7,161,1주 전
사용감 적음,600000,0,53,2주 전
사용감 없음,380000,1,32,2주 전
사용감 적음,380000,5,152,2주 전
사용감 없음,420000,35,497,2주 전
사용감 적음,400000,3,126,3주 전
사용감 없음,500000,3,34,3주 전
새 상품,990000,53,7613,8시간 전
사용감 없음,380000,3,164,2주 전
사용감 적음,350000,6,131,3주 전
사용감 없음,460000,30,513,2주 전
사용감 적음,320000,2,241,2주 전
사용감 적음,480000,1,66,3주 전
사용감 없음,450000,9,322,2주 전
사용감 없음,40000,3,94,2주 전
사용감 적음,510000,0,51,3주 전
사용감 적음,370000,3,90,2주 전
사용감 없음,490000,11,640,2주 전
새 상품,500000,1,132,2주 전
사용감 없음,300000,1,156,2주 전
사용감 적음,450000,0,18,2주 전
사용감 없음,500000,4,446,3주 전
새 상품,1004,0,53,2주 전
사용감 없음,20000,7,137,2주 전
사용감 없음,450000,27,383,2주 전
고장/파손 상품,150000,8,878,1주 전
사용감 적음,430000,2,75,3주 전
사용감 적음,390000,8,79,3주 전
사용감 없음,420000,20,607,3주 전
사용감 없음,480000,6,64,2주 전
새 상품,40000,0,46,1주 전
사용감 없음,450000,2,52,3주 전
새 상품,620000,4,154,2주 전
사용감 적음,360000,7,585,3주 전
사용감 없음,380000,2,79,2주 전
사용감 없음,350000,35,269,3주 전
사용감 없음,450000,13,286,3주 전
새 상품,990000,53,7613,8시간 전
사용감 많음,230000,7,877,3주 전
사용감 없음,450000,5,84,3주 전
고장/파손 상품,150000,4,690,2주 전
사용감 적음,30000,3,100,2주 전
새 상품,620000,8,283,2주 전
새 상품,530000,44,671,1주 전
사용감 없음,500,1,124,2주 전
사용감 적음,350000,14,206,3주 전
사용감 없음,40000,0,401,2주 전
사용감 적음,500000,3,46,3주 전
새 상품,1000,2,309,3주 전
새 상품,700000,6,183,3주 전
사용감 없음,450000,0,28,3주 전
사용감 적음,340000,15,640,2주 전
사용감 적음,450000,0,90,3주 전
사용감 적음,400000,2,66,3주 전
사용감 적음,330000,55,1865,3주 전
새 상품,420000,1,156,2주 전
사용감 적음,460000,21,442,1주 전
사용감 없음,430000,0,49,3주 전
사용감 적음,300000,0,180,2주 전
사용감 적음,420000,1,53,3주 전
새 상품,730000,1,137,2주 전
사용감 적음,500000,1,43,3주 전
새 상품,480000,5,111,3주 전
새 상품,565000,76,1934,2주 전
사용감 적음,480000,25,359,2주 전
사용감 없음,580000,3,64,3주 전
사용감 적음,400000,2,82,2주 전
새 상품,990000,53,7613,8시간 전
사용감 많음,440000,4,165,2주 전
사용감 없음,500000,0,44,3주 전
사용감 적음,600000,4,213,3주 전
사용감 많음,150000,6,671,2주 전
사용감 없음,16000,0,139,2주 전
새 상품,710000,2,63,1주 전
사용감 많음,300000,3,167,3주 전
사용감 적음,320000,0,48,2주 전
새 상품,620000,0,49,3주 전
새 상품,580000,24,383,3주 전
새 상품,580000,0,140,3주 전
사용감 없음,760000,1,104,3주 전
새 상품,450000,5,782,2주 전
사용감 없음,520000,2,59,2주 전
사용감 적음,500000,0,16,4주 전
사용감 없음,435000,0,44,4주 전
사용감 없음,430000,77,2948,3주 전
새 상품,450000,2,503,2주 전
사용감 적음,490000,0,40,3주 전
사용감 없음,550000,0,43,4주 전
고장/파손 상품,160000,14,640,3주 전
새 상품,300000,0,109,3주 전
새 상품,290000,10,107,2주 전
사용감 적음,690000,4,447,2주 전
사용감 없음,554000,20,1234,3주 전
사용감 없음,400000,4,144,4주 전
사용감 많음,290000,13,361,1달 전
사용감 없음,450000,4,49,1달 전
사용감 적음,500000,2,136,1달 전
새 상품,990000,53,7613,8시간 전
사용감 없음,500000,15,315,1주 전
사용감 많음,310000,1,59,4주 전
새 상품,450000,0,78,3주 전
사용감 적음,28000,12,294,3주 전
새 상품,350000,2,107,3주 전
새 상품,450000,0,76,3주 전
사용감 없음,420000,5,54,4주 전
새 상품,550000,4,129,3주 전
새 상품,2000,4,334,3달 전
사용감 적음,500000,9,477,3주 전
사용감 없음,440000,7,64,3주 전
사용감 적음,450000,4,145,3주 전
사용감 없음,400000,6,78,3주 전
사용감 적음,450000,6,85,2주 전
새 상품,630000,5,141,4주 전
새 상품,30000,0,85,2주 전
사용감 많음,280000,9,284,4주 전
사용감 적음,500000,3,310,3주 전
사용감 없음,350000,32,241,3주 전
새 상품,1000,10,300,3주 전
사용감 없음,350000,0,320,4주 전
사용감 적음,580000,0,33,4주 전
사용감 적음,470000,4,87,1달 전
사용감 없음,350000,11,178,4주 전
사용감 적음,430000,0,84,3주 전
사용감 없음,540000,2,58,4주 전
새 상품,700000,4,96,3주 전
고장/파손 상품,160000,10,513,3주 전
사용감 없음,450000,2,36,4주 전
새 상품,990000,53,7613,8시간 전
새 상품,42500,5,185,3주 전
새 상품,3000,13,145,1달 전
사용감 많음,300000,24,1097,1달 전
사용감 많음,380000,33,1629,1달 전
새 상품,570000,6,299,3주 전
사용감 없음,480000,15,373,1달 전
사용감 적음,400000,4,86,1달 전
사용감 없음,500000,0,46,4주 전
새 상품,550000,4,53,3주 전
새 상품,400000,0,110,2주 전
사용감 적음,370000,10,230,1달 전
사용감 많음,330000,11,223,1달 전
사용감 없음,383500,6,94,3주 전
새 상품,650000,1,332,3주 전
새 상품,570000,3,68,1달 전
새 상품,500000,0,44,1달 전
사용감 없음,350000,23,184,1달 전
사용감 적음,500,1,67,1달 전
사용감 적음,400000,3,74,1달 전
사용감 적음,370000,5,102,3주 전
새 상품,700000,7,174,3주 전
새 상품,540000,37,483,1달 전
새 상품,500000,5,99,3주 전
새 상품,500000,0,95,4주 전
새 상품,111111,0,24,3주 전
사용감 많음,400000,0,58,3주 전
사용감 없음,400000,0,37,1달 전
사용감 없음,420000,2,111,1달 전
사용감 적음,350000,9,152,3주 전
새 상품,990000,53,7613,8시간 전
사용감 없음,400000,5,78,4주 전
사용감 없음,350000,17,575,1달 전
사용감 적음,400000,2,84,1달 전
고장/파손 상품,220000,1,452,1달 전
새 상품,670000,1,42,3주 전
사용감 없음,530000,26,504,2주 전
사용감 없음,550000,0,46,3주 전
사용감 없음,155000,4,158,2주 전
새 상품,300000,0,71,1달 전
사용감 적음,1000,0,94,1달 전
사용감 없음,450000,8,82,2주 전
사용감 없음,460000,0,71,1달 전
새 상품,7900,5,130,3주 전
사용감 없음,600000,0,48,1달 전
중고,44000,63,884,4주 전
사용감 적음,500000,0,44,1달 전
사용감 적음,280000,8,185,4주 전
사용감 없음,500000,0,22,3주 전
새 상품,680000,9,341,3주 전
사용감 없음,350000,1,94,1달 전
새 상품,450000,0,208,1달 전
새 상품,550000,2,30,4주 전
새 상품,450000,31,338,1달 전
새 상품,400000,11,173,1달 전
사용감 적음,350000,30,305,4주 전
사용감 없음,450000,0,95,1달 전
새 상품,1234,0,101,2주 전
사용감 없음,550000,0,39,1달 전
새 상품,340000,13,796,3주 전
새 상품,990000,53,7613,8시간 전
새 상품,400000,0,27,1달 전
사용감 적음,370000,1,61,4주 전
새 상품,700000,24,305,1달 전
사용감 적음,285000,1,82,1달 전
사용감 적음,310000,9,593,1달 전
사용감 많음,270000,2,191,1달 전
새 상품,45000,1,320,4주 전
새 상품,4500,0,21,1달 전
사용감 없음,400000,2,162,2달 전
사용감 없음,485000,5,137,1달 전
사용감 적음,378000,8,110,1달 전
사용감 적음,285000,0,63,1달 전
새 상품,680000,0,40,1달 전
사용감 없음,400000,4,110,1달 전
사용감 적음,370000,4,237,3주 전
사용감 적음,450000,0,57,1달 전
사용감 적음,430000,1,39,1달 전
사용감 없음,470000,5,40,4주 전
사용감 없음,111111111,1,87,3주 전
사용감 많음,300000,4,163,1달 전
사용감 없음,5000,2,296,1달 전
사용감 없음,400000,7,165,1달 전
사용감 적음,400000,5,335,1달 전
사용감 없음,15000,3,97,1달 전
사용감 없음,500000,3,71,1달 전
사용감 없음,420000,2,117,1달 전
사용감 적음,450000,10,101,1달 전
사용감 없음,550000,0,38,1달 전
새 상품,570000,0,71,1달 전
새 상품,990000,53,7613,8시간 전
사용감 없음,650000,25,470,3주 전
사용감 없음,650000,15,1990,3주 전
사용감 적음,450000,2,65,1달 전
새 상품,630000,4,187,1달 전
사용감 적음,350000,8,190,1달 전
사용감 없음,500000,4,45,1달 전
새 상품,450000,0,77,1달 전
사용감 없음,580000,1,46,1달 전
사용감 없음,450000,1,62,1달 전
사용감 없음,90000,12,1538,1달 전
새 상품,15000,2,86,1달 전
새 상품,10000,17,238,4주 전
새 상품,650000,0,166,1달 전
새 상품,530000,1,77,1달 전
사용감 없음,500000,2,63,1달 전
사용감 없음,430000,5,95,1달 전
사용감 적음,400000,8,195,1달 전
사용감 없음,500000,6,584,1달 전
새 상품,380000,7,123,3주 전
사용감 많음,350000,5,260,1달 전
사용감 없음,369000,4,84,1달 전
사용감 적음,15000,0,38,1달 전
사용감 없음,490000,2,56,1달 전
사용감 없음,470000,0,33,1달 전
사용감 적음,400000,2,155,1달 전
사용감 적음,340000,1,108,1달 전
새 상품,770000,0,32,1달 전
사용감 없음,450000,6,62,1달 전
사용감 많음,319000,34,1550,1달 전
새 상품,990000,53,7613,8시간 전
새 상품,50000,2,110,1달 전
사용감 적음,450000,5,104,1달 전
사용감 적음,450000,5,130,1달 전
새 상품,630000,3,356,1달 전
사용감 적음,450000,1,32,1달 전
중고,600000,8,343,1달 전
사용감 없음,450000,2,149,1달 전
사용감 많음,360000,1,122,1달 전
새 상품,1000000,3,436,1달 전
사용감 없음,350000,96,914,1달 전
사용감 없음,11111,1,735,1달 전
사용감 적음,530000,2,37,1달 전
고장/파손 상품,80000,4,294,1달 전
사용감 없음,300000,5,153,3주 전
사용감 없음,400000,1,123,1달 전
사용감 적음,480000,0,85,1달 전
새 상품,1000000,1,140,1달 전
새 상품,580000,4,142,1달 전
사용감 없음,400000,12,150,1달 전
사용감 많음,300000,17,887,1달 전
사용감 적음,400000,3,63,1달 전
사용감 없음,400000,1,38,1달 전
사용감 없음,500000,5,58,1달 전
사용감 없음,420000,0,58,1달 전
사용감 없음,6000,6,121,1달 전
사용감 없음,400000,8,337,1달 전
사용감 없음,400000,16,444,1달 전
사용감 많음,350000,15,1001,1달 전
사용감 적음,16000,3,245,1달 전
새 상품,990000,53,7613,8시간 전
새 상품,700000,0,305,1달 전
사용감 없음,470000,4,83,1달 전
사용감 많음,350000,9,344,1달 전
사용감 없음,520000,2,43,1달 전
사용감 적음,25000,6,153,1달 전
사용감 없음,300000,6,291,1달 전
새 상품,42500,0,95,1달 전
사용감 없음,450000,1,125,1달 전
사용감 없음,460000,4,108,1달 전
사용감 없음,350000,1,72,1달 전
사용감 적음,310000,3,136,1달 전
사용감 없음,340000,6,111,1달 전
사용감 없음,500000,5,326,1달 전
사용감 적음,550000,22,415,1달 전
사용감 없음,20000,8,506,1달 전
사용감 적음,360000,21,341,1달 전
사용감 없음,400000,0,54,1달 전
새 상품,300000,0,106,1달 전
사용감 적음,400000,18,305,1달 전
사용감 많음,350000,15,640,1달 전
새 상품,8000,16,541,1달 전
사용감 적음,500000,0,297,1달 전
사용감 없음,500000,2,67,1달 전
새 상품,362690,2,161,1달 전
새 상품,540000,2,127,1달 전
사용감 없음,470000,3,68,1달 전
사용감 없음,500000,0,26,4달 전
새 상품,15000,4,62,1달 전
사용감 없음,500000,2,173,1달 전
새 상품,990000,53,7613,8시간 전
새 상품,590000,9,196,1달 전
사용감 없음,500000,0,23,1달 전
사용감 없음,400000,3,51,1달 전
사용감 없음,350000,5,141,1달 전
사용감 없음,370000,4,124,1달 전
사용감 없음,300000,2,1159,1달 전
사용감 적음,390000,3,78,1달 전
사용감 적음,300000,39,292,1달 전
사용감 적음,230000,1,137,1달 전
사용감 적음,300000,1,140,1달 전
사용감 적음,290000,1,190,1달 전
새 상품,520000,4,104,1달 전
새 상품,590000,3,54,1달 전
사용감 없음,500000,2,69,1달 전
사용감 없음,390000,22,491,1달 전
사용감 없음,420000,6,188,1달 전
사용감 없음,530000,0,28,1달 전
사용감 적음,370000,1,139,1달 전
새 상품,9900,1,29,1달 전
새 상품,200000,0,438,1달 전
새 상품,42500,0,127,1달 전
사용감 적음,400000,7,127,1달 전
새 상품,5000,0,18,1달 전
사용감 많음,300000,3,676,1달 전
사용감 적음,400000,8,302,1달 전
사용감 적음,420000,7,151,1달 전
새 상품,610000,5,380,1달 전
새 상품,999999,0,13,1달 전
사용감 없음,450000,8,128,1달 전
새 상품,990000,53,7613,8시간 전
사용감 적음,500000,2,87,4달 전
사용감 없음,450000,7,79,2달 전
사용감 적음,310000,4,124,1달 전
사용감 적음,380000,6,85,2달 전
사용감 없음,420000,3,154,1달 전
사용감 적음,250000,2,67,2달 전
사용감 없음,520000,0,47,2달 전
사용감 없음,500000,0,60,1달 전
사용감 없음,15000,2,443,1달 전
사용감 없음,140000,8,807,1달 전
사용감 없음,459000,12,98,1달 전
사용감 적음,300000,0,28,1달 전
사용감 없음,530000,0,11,2달 전
사용감 적음,370000,34,505,2달 전
새 상품,570000,12,342,1달 전
사용감 없음,400000,9,293,2달 전
사용감 없음,400000,6,107,2달 전
사용감 없음,450000,1,127,2달 전
사용감 적음,400000,1,52,2달 전
사용감 적음,360000,11,330,2달 전
사용감 없음,450000,16,293,1달 전
사용감 없음,470000,0,19,2달 전
사용감 없음,500000,2,68,1달 전
사용감 없음,500000,2,121,2달 전
사용감 적음,420000,2,56,2달 전
사용감 적음,450000,3,241,2달 전
새 상품,570000,21,379,2달 전
사용감 적음,450000,0,33,2달 전
사용감 없음,450000,0,49,2달 전
새 상품,990000,53,7613,8시간 전
새 상품,728400,0,30,1달 전
새 상품,590000,6,106,1달 전
사용감 적음,250000,0,195,2달 전
사용감 적음,450000,3,76,2달 전
사용감 적음,430000,2,30,2달 전
사용감 없음,500000,0,22,2달 전
사용감 적음,450000,0,74,1달 전
사용감 없음,250000,22,532,1달 전
새 상품,580000,3,162,1달 전
사용감 없음,410000,11,473,2달 전
사용감 없음,700000,1,46,3달 전
사용감 적음,400000,11,313,2달 전
고장/파손 상품,300000,2,137,2달 전
사용감 적음,430000,7,450,1달 전
새 상품,470000,63,739,1달 전
새 상품,530000,1,17,2달 전
새 상품,670000,1,36,2달 전
사용감 적음,380000,21,234,2달 전
사용감 없음,450000,18,660,1달 전
사용감 많음,310000,0,284,2달 전
새 상품,530000,2,98,1달 전
사용감 적음,360000,17,427,2달 전
사용감 적음,420000,3,126,2달 전
사용감 없음,400000,0,22,1달 전
사용감 적음,450000,2,66,2달 전
새 상품,550000,1,406,4달 전
사용감 많음,300000,5,559,1달 전
고장/파손 상품,170000,10,819,2달 전
사용감 없음,530000,1,44,2달 전
새 상품,990000,53,7613,8시간 전
새 상품,480000,6,168,2달 전
사용감 없음,400000,10,181,2달 전
사용감 적음,390000,6,99,2달 전
사용감 없음,530000,0,26,2달 전
사용감 없음,450000,5,46,2달 전
사용감 적음,400000,0,28,2달 전
사용감 많음,350000,6,284,2달 전
사용감 없음,2500,5,142,2달 전
사용감 적음,430000,24,436,2달 전
사용감 적음,400000,41,527,2달 전
사용감 많음,30000,0,42,2달 전
사용감 없음,350000,12,177,2달 전
사용감 없음,470000,7,661,2달 전
사용감 없음,450000,0,75,2달 전
새 상품,610000,2,10,2달 전
새 상품,18000,3,88,2달 전
사용감 없음,260000,4,302,2달 전
사용감 많음,290000,4,337,2달 전
사용감 적음,360000,16,479,1달 전
사용감 적음,5000,0,204,1달 전
새 상품,500000,0,94,2달 전
고장/파손 상품,500000,13,856,2달 전
새 상품,290000,20,375,2달 전
사용감 없음,530000,0,37,2달 전
사용감 없음,420000,3,92,2달 전
사용감 적음,400000,2,91,2달 전
사용감 없음,450000,13,210,1달 전
사용감 많음,400000,18,2561,2달 전
사용감 없음,500000,8,99,1달 전
새 상품,990000,53,7613,8시간 전
사용감 없음,540000,3,239,1달 전
새 상품,42500,1,78,2달 전
사용감 없음,450000,15,263,2달 전
사용감 적음,500000,0,20,2달 전
사용감 적음,400000,7,141,2달 전
사용감 적음,450000,0,28,2달 전
사용감 적음,330000,1,160,2달 전
사용감 없음,510000,3,182,2달 전
사용감 없음,500000,2,17,2달 전
사용감 적음,450000,0,17,2달 전
사용감 적음,290000,49,751,2달 전
사용감 없음,530000,0,24,2달 전
사용감 적음,320000,1,71,2달 전
사용감 없음,50000,1,101,2달 전
새 상품,1124000,3,228,2달 전
사용감 적음,290000,83,1622,2달 전
새 상품,400000,0,27,2달 전
사용감 없음,18000,6,225,2달 전
사용감 없음,35000,1,267,1달 전
사용감 적음,495000,0,122,2달 전
새 상품,200000,0,397,2달 전
사용감 없음,525000,1,24,2달 전
사용감 없음,420000,1,59,2달 전
사용감 없음,470000,32,512,2달 전
사용감 없음,400000,0,60,2달 전
사용감 없음,500000,0,16,2달 전
새 상품,1234,0,111,2달 전
새 상품,600000,0,134,2달 전
사용감 적음,550000,0,16,2달 전
새 상품,990000,53,7613,8시간 전
새 상품,500000,4,336,2달 전
새 상품,300000,1,53,2달 전
사용감 많음,390000,0,66,2달 전
사용감 적음,460000,5,460,2달 전
사용감 없음,450000,0,27,2달 전
사용감 적음,20000,3,126,2달 전
사용감 없음,550000,3,36,2달 전
사용감 적음,500000,0,24,2달 전
새 상품,570000,13,272,2달 전
사용감 없음,450000,1,52,2달 전
사용감 없음,35000,12,1584,2달 전
사용감 적음,380000,58,601,2달 전
사용감 없음,500000,0,36,2달 전
사용감 없음,400000,2,55,2달 전
사용감 없음,450000,2,38,2달 전
사용감 없음,450000,1,27,2달 전
새 상품,1111111,0,46,2달 전
새 상품,2000000,1,166,2달 전
사용감 없음,520000,1,17,2달 전
사용감 없음,450000,5,214,2달 전
새 상품,26000,5,57,2달 전
사용감 적음,450000,0,90,2달 전
사용감 적음,68000,26,1052,2달 전
새 상품,420000,4,70,2달 전
새 상품,6000,0,16,2달 전
사용감 없음,450000,6,46,2달 전
새 상품,500000,0,16,2달 전
사용감 없음,500000,0,25,2달 전
새 상품,990000,53,7613,8시간 전
사용감 없음,440000,0,34,2달 전
사용감 없음,600000,0,30,2달 전
새 상품,530000,3,130,2달 전
사용감 없음,469000,5,130,2달 전
사용감 없음,570000,0,41,2달 전
새 상품,100000,1,372,2달 전
사용감 없음,500000,9,168,2달 전
새 상품,15000,3,32,2달 전
사용감 없음,25000,1,35,3달 전
새 상품,600000,5,162,2달 전
사용감 많음,300000,3,155,2달 전
사용감 없음,550000,0,16,2달 전
사용감 적음,350000,3,210,2달 전
사용감 없음,17000,0,27,2달 전
사용감 적음,380000,0,43,2달 전
사용감 적음,380000,28,345,2달 전
사용감 없음,450000,0,12,2달 전
사용감 없음,510000,1,13,2달 전
사용감 적음,370000,98,786,2달 전
사용감 없음,530000,1,33,2달 전
사용감 적음,320000,38,588,2달 전
사용감 적음,400000,2,74,2달 전
사용감 없음,400000,27,835,2달 전
새 상품,40000,12,274,2달 전
사용감 적음,420000,7,104,2달 전
사용감 없음,400000,4,73,3달 전
사용감 없음,450000,42,363,2달 전
사용감 없음,400000,10,125,3달 전
사용감 적음,370000,7,466,3달 전
새 상품,990000,53,7613,8시간 전
사용감 없음,20000,16,99,2달 전
사용감 없음,400000,3,110,4달 전
사용감 적음,370000,4,116,3달 전
사용감 적음,300000,21,326,2달 전
사용감 적음,300000,17,692,3달 전
사용감 적음,450000,0,24,2달 전
사용감 없음,70000,23,877,2달 전
사용감 없음,270000,0,182,2달 전
새 상품,600000,0,39,2달 전
사용감 없음,700000,0,42,4달 전
사용감 없음,470000,2,54,3달 전
사용감 없음,500000,0,17,3달 전
사용감 없음,370000,1,71,2달 전
사용감 적음,400000,4,68,3달 전
사용감 없음,410000,9,141,2달 전
사용감 없음,180000,4,249,3달 전
사용감 적음,360000,9,458,2달 전
사용감 없음,530000,0,18,3달 전
사용감 없음,540000,8,433,3달 전
사용감 없음,500000,0,27,3달 전
사용감 없음,400000,1,37,3달 전
새 상품,42500,3,251,3달 전
사용감 없음,500000,0,7,3달 전
새 상품,500000,1,35,3달 전
사용감 없음,430000,9,184,3달 전
사용감 없음,999999999,2,67,3달 전
사용감 없음,999,0,57,3달 전
새 상품,400000,0,59,2달 전
사용감 적음,450000,2,121,3달 전
새 상품,990000,53,7613,8시간 전
사용감 적음,460000,0,22,3달 전
사용감 적음,400000,1,92,3달 전
사용감 없음,440000,0,82,6달 전
사용감 적음,450000,5,73,2달 전
사용감 적음,400000,0,54,3달 전
사용감 없음,330000,7,333,3달 전
사용감 없음,420000,2,80,3달 전
사용감 적음,1111,0,81,3달 전
사용감 적음,400000,4,83,3달 전
사용감 없음,400000,8,77,3달 전
사용감 적음,460000,5,281,3달 전
사용감 적음,480000,9,269,2달 전
사용감 없음,410000,1,89,4달 전
사용감 없음,10000,1,56,3달 전
사용감 적음,440000,13,104,2달 전
새 상품,550000,29,275,3달 전
사용감 없음,600000,1,12,3달 전
사용감 없음,400000,4,66,2달 전
사용감 없음,380000,7,106,3달 전
사용감 없음,400000,5,81,3달 전
사용감 적음,350000,5,172,3달 전
고장/파손 상품,170000,4,113,3달 전
사용감 적음,400000,9,287,3달 전
중고,640000,23,2008,3달 전
사용감 적음,400000,2,168,3달 전
사용감 없음,495000,7,257,2달 전
새 상품,250000,0,162,2달 전
사용감 없음,400000,0,39,3달 전
새 상품,8000,0,85,3달 전
새 상품,990000,53,7613,8시간 전
사용감 적음,40000,2,40,3달 전
새 상품,530000,3,17,3달 전
사용감 적음,320000,0,67,3달 전
사용감 없음,500000,0,37,3달 전
사용감 없음,450000,0,35,3달 전
사용감 많음,230000,22,976,3달 전
사용감 없음,520000,4,89,2달 전
사용감 적음,500000,1,21,3달 전
사용감 없음,450000,8,98,3달 전
사용감 없음,350000,0,41,3달 전
사용감 없음,550000,3,164,4달 전
사용감 적음,400000,4,125,3달 전
사용감 적음,400000,0,23,3달 전
사용감 적음,8000,5,474,2달 전
사용감 적음,260000,48,887,3달 전
사용감 없음,480000,0,13,3달 전
사용감 적음,400000,3,93,3달 전
새 상품,570000,2,92,3달 전
사용감 적음,530000,0,56,3달 전
사용감 없음,450000,2,15,3달 전
사용감 없음,450000,5,149,3달 전
새 상품,400000,52,839,3달 전
고장/파손 상품,100000,8,805,3달 전
사용감 없음,500000,0,16,3달 전
사용감 적음,349000,19,411,3달 전
새 상품,600000,2,34,3달 전
사용감 많음,335000,11,822,3달 전
사용감 없음,500000,0,16,3달 전
사용감 적음,370000,5,81,3달 전
새 상품,990000,53,7613,8시간 전
사용감 없음,440000,9,109,3달 전
사용감 없음,390000,1,59,3달 전
사용감 적음,300000,8,132,3달 전
사용감 적음,450000,2,114,3달 전
사용감 적음,999,1,65,3달 전
사용감 적음,40000,2,86,3달 전
사용감 적음,350000,5,152,3달 전
사용감 없음,1111,0,21,3달 전
사용감 없음,450000,1,17,3달 전
사용감 적음,380000,3,191,3달 전
사용감 적음,99999,0,202,3달 전
새 상품,600000,6,140,3달 전
사용감 많음,300000,3,242,3달 전
사용감 없음,420000,7,161,3달 전
사용감 많음,430000,0,44,3달 전
사용감 적음,400000,0,185,3달 전
사용감 적음,350000,2,85,3달 전
사용감 적음,600000,0,18,3달 전
사용감 적음,40000,2,53,3달 전
사용감 없음,450000,1,44,3달 전
사용감 적음,400000,1,17,3달 전
사용감 없음,440000,25,706,3달 전
새 상품,40000,43,653,3달 전
사용감 적음,500000,1,21,3달 전
사용감 없음,450000,2,62,3달 전
사용감 없음,400000,2,99,3달 전
사용감 없음,180000,0,300,3달 전
사용감 많음,300000,6,247,3달 전
새 상품,200000,0,233,3달 전
새 상품,990000,53,7613,8시간 전
사용감 없음,450000,66,439,3달 전
사용감 적음,350000,18,252,3달 전
사용감 많음,415000,2,57,3달 전
새 상품,400000,2,365,3달 전
고장/파손 상품,45000,37,644,3달 전
사용감 적음,380000,17,178,3달 전
사용감 적음,420000,0,28,3달 전
사용감 없음,450000,1,67,3달 전
사용감 적음,500000,2,322,3달 전
새 상품,380000,0,199,3달 전
사용감 없음,450000,1,46,3달 전
사용감 없음,530000,0,63,3달 전
새 상품,600000,3,72,3달 전
사용감 적음,450000,0,44,3달 전
사용감 없음,470000,1,65,3달 전
사용감 없음,260000,0,201,3달 전
사용감 적음,400000,1,54,3달 전
사용감 없음,420000,3,35,3달 전
사용감 없음,550000,0,13,3달 전
사용감 적음,400000,9,238,3달 전
새 상품,550000,0,7,3달 전
사용감 없음,500,1,427,3달 전
사용감 없음,450000,2,39,3달 전
사용감 없음,500000,1,29,3달 전
사용감 없음,9999,0,56,3달 전
사용감 적음,300000,2,281,3달 전
사용감 없음,8000,5,46,3달 전
사용감 없음,430000,2,266,3달 전
사용감 적음,290000,1,111,3달 전
새 상품,990000,53,7613,8시간 전
사용감 없음,10000,1,28,5달 전
새 상품,630000,1,63,3달 전
사용감 없음,30000,4,1024,3달 전
사용감 적음,400000,0,26,4달 전
사용감 적음,320000,11,248,4달 전
사용감 적음,380000,1,240,3달 전
사용감 없음,450000,0,57,3달 전
사용감 없음,450000,4,54,3달 전
사용감 없음,400000,2,178,3달 전
사용감 적음,450000,0,24,4달 전
사용감 없음,490000,1,223,3달 전
사용감 없음,450000,2,30,3달 전
사용감 적음,400000,18,324,4달 전
사용감 많음,400000,2,168,3달 전
사용감 많음,250000,1,185,3달 전
사용감 없음,470000,0,38,4달 전
새 상품,5000,0,87,3달 전
사용감 적음,400000,2,50,3달 전
새 상품,5000,1,62,4달 전
새 상품,590000,5,116,3달 전
새 상품,570000,1,9,4달 전
사용감 적음,380000,0,28,4달 전
사용감 적음,300000,2,170,4달 전
사용감 많음,350000,4,306,4달 전
사용감 없음,410000,6,84,3달 전
사용감 적음,380000,2,82,4달 전
사용감 없음,523000,0,18,4달 전
사용감 없음,300000,13,258,4달 전
사용감 없음,550000,0,18,4달 전
새 상품,990000,53,7613,8시간 전
사용감 없음,450000,1,23,4달 전
사용감 없음,400000,2,96,5달 전
사용감 적음,500000,0,23,4달 전
중고,12345,3,819,3달 전
새 상품,595000,1,78,4달 전
사용감 없음,450000,0,110,4달 전
고장/파손 상품,320000,23,2194,4달 전
사용감 없음,340000,20,234,4달 전
사용감 없음,450000,2,53,4달 전
사용감 적음,380000,4,154,4달 전
사용감 없음,360000,6,146,4달 전
사용감 없음,550000,0,12,4달 전
사용감 적음,330000,26,738,4달 전
사용감 적음,500000,0,22,7달 전
사용감 적음,360000,1,81,4달 전
사용감 없음,480000,0,36,4달 전
사용감 적음,450000,3,51,4달 전
사용감 많음,420000,0,29,4달 전
사용감 없음,600000,0,6,4달 전
새 상품,630000,7,244,4달 전
사용감 없음,400000,1,59,4달 전
사용감 적음,400000,3,70,4달 전
사용감 없음,450000,0,15,4달 전
사용감 적음,350000,5,197,4달 전
사용감 적음,250000,53,1098,4달 전
사용감 없음,500000,4,131,4달 전
사용감 없음,400000,13,150,4달 전
사용감 없음,450000,2,43,4달 전
사용감 없음,580000,1,35,4달 전
새 상품,990000,53,7613,8시간 전
사용감 적음,360000,0,32,5달 전
사용감 없음,372000,2,66,4달 전
사용감 없음,360000,0,51,4달 전
사용감 없음,360000,0,55,4달 전
사용감 없음,360000,5,103,4달 전
사용감 없음,400000,4,162,4달 전
사용감 적음,400000,1,33,4달 전
사용감 적음,455000,20,1036,4달 전
사용감 많음,350000,10,569,5달 전
사용감 적음,370000,8,137,4달 전
사용감 없음,490000,2,29,4달 전
새 상품,580000,7,175,4달 전
사용감 적음,380000,6,70,4달 전
사용감 많음,300000,0,216,4달 전
사용감 없음,460000,1,15,4달 전
사용감 많음,370000,2,119,4달 전
사용감 없음,111111111,3,63,3달 전
사용감 없음,520000,1,103,4달 전
사용감 없음,390000,7,133,4달 전
사용감 없음,550000,1,21,4달 전
새 상품,650000,1,67,4달 전
사용감 없음,460000,0,24,4달 전
사용감 많음,230000,72,1362,4달 전
사용감 없음,340000,38,504,4달 전
새 상품,600000,1,31,4달 전
새 상품,1000,1,131,4달 전
새 상품,600000,0,24,4달 전
사용감 없음,500000,2,69,4달 전
사용감 없음,400000,1,19,4달 전
새 상품,990000,53,7613,8시간 전
사용감 적음,390000,18,613,4달 전
사용감 없음,550000,0,31,4달 전
사용감 적음,200000,116,3537,4달 전
사용감 적음,330000,10,247,4달 전
사용감 없음,650000,1,42,4달 전
사용감 적음,390000,0,23,4달 전
사용감 없음,427500,1,16,4달 전
사용감 적음,360000,4,162,4달 전
사용감 없음,12345,0,92,4달 전
새 상품,600000,6,137,4달 전
사용감 적음,500000,0,47,4달 전
사용감 없음,385000,3,51,4달 전
사용감 적음,550000,0,13,4달 전
새 상품,1000,1,94,4달 전
새 상품,600000,6,78,4달 전
사용감 없음,430000,0,34,4달 전
사용감 없음,450000,2,36,4달 전
사용감 적음,599990,0,23,4달 전
사용감 적음,439000,0,64,4달 전
사용감 없음,420000,1,32,4달 전
사용감 없음,350000,11,393,4달 전
사용감 많음,300000,34,925,4달 전
사용감 없음,550000,3,76,5달 전
사용감 적음,450000,9,269,4달 전
사용감 없음,500000,4,73,4달 전
사용감 많음,330000,3,268,4달 전
사용감 없음,330000,3,55,4달 전
사용감 없음,690000,2,63,4달 전
사용감 없음,475000,6,289,4달 전
새 상품,990000,53,7613,8시간 전
사용감 적음,300000,1,50,4달 전
사용감 적음,380000,2,158,4달 전
사용감 적음,350000,3,195,4달 전
사용감 없음,430000,1,37,4달 전
사용감 적음,400000,1,135,4달 전
사용감 적음,230000,0,212,4달 전
사용감 없음,200000,41,699,4달 전
새 상품,500000,1,234,4달 전
사용감 적음,490000,0,28,4달 전
사용감 없음,380000,3,76,4달 전
사용감 없음,450000,2,35,4달 전
사용감 많음,340000,3,144,4달 전
사용감 없음,380000,16,296,4달 전
사용감 없음,400000,12,154,4달 전
새 상품,350000,0,139,4달 전
사용감 없음,550000,1,13,4달 전
사용감 없음,380000,10,247,4달 전
새 상품,550000,1,27,4달 전
새 상품,590000,6,89,4달 전
새 상품,500000,0,9,4달 전
사용감 없음,450000,1,53,4달 전
사용감 없음,430000,0,37,4달 전
사용감 적음,370000,2,102,4달 전
중고,580000,2,205,4달 전
사용감 없음,420000,7,210,4달 전
사용감 적음,450000,1,43,4달 전
새 상품,600000,7,307,4달 전
사용감 없음,450000,1,26,4달 전
사용감 없음,530000,2,70,4달 전
새 상품,990000,53,7613,8시간 전
사용감 적음,1400000,0,104,4달 전
사용감 적음,420000,0,48,4달 전
사용감 적음,330000,20,684,4달 전
사용감 없음,450000,2,36,4달 전
사용감 적음,400000,0,203,4달 전
사용감 적음,450000,2,33,4달 전
사용감 없음,500000,1,20,4달 전
새 상품,1234,2,1242,4달 전
사용감 없음,450000,3,78,4달 전
사용감 없음,450000,2,20,4달 전
사용감 없음,380000,3,106,5달 전
새 상품,500000,6,542,4달 전
새 상품,600000,3,65,4달 전
사용감 없음,270000,0,156,4달 전
사용감 없음,450000,10,50,4달 전
사용감 없음,500000,0,32,5달 전
사용감 적음,370000,16,294,4달 전
사용감 적음,400000,0,192,4달 전
새 상품,620000,0,73,7달 전
사용감 적음,350000,0,51,4달 전
사용감 적음,350000,2,76,5달 전
새 상품,600000,126,4961,4달 전
사용감 없음,550000,2,29,5달 전
새 상품,645000,10,412,4달 전
사용감 없음,390000,4,100,4달 전
사용감 없음,350000,1,71,5달 전
사용감 없음,470000,1,7,4달 전
사용감 없음,470000,23,219,4달 전
사용감 없음,470000,3,41,4달 전
새 상품,990000,53,7613,8시간 전
사용감 없음,420000,4,48,5달 전
사용감 많음,250000,22,865,5달 전
사용감 적음,350000,3,124,5달 전
새 상품,645000,3,134,4달 전
사용감 적음,389500,1,20,5달 전
사용감 적음,380000,5,56,5달 전
사용감 없음,550000,0,8,5달 전
사용감 없음,390000,1,40,5달 전
사용감 없음,550000,0,100,5달 전
새 상품,34500,2,81,4달 전
사용감 없음,500000,0,60,5달 전
사용감 없음,45000,1,92,4달 전
새 상품,1130000,0,125,5달 전
사용감 없음,585000,0,26,5달 전
사용감 적음,25000,1,72,5달 전
새 상품,42500,0,94,4달 전
사용감 없음,370000,41,395,5달 전
사용감 없음,400000,3,60,5달 전
사용감 적음,385000,4,115,5달 전
사용감 적음,380000,6,143,5달 전
사용감 적음,470000,0,9,5달 전
사용감 없음,250000,2,369,5달 전
사용감 없음,460000,0,24,5달 전
사용감 많음,380000,0,51,4달 전
새 상품,650000,1,15,5달 전
사용감 적음,480000,2,50,5달 전
새 상품,610000,6,61,5달 전
새 상품,640000,7,122,5달 전
사용감 없음,490000,0,10,5달 전
새 상품,990000,53,7613,8시간 전
사용감 없음,450000,0,10,5달 전
사용감 많음,111111111,0,42,4달 전
사용감 없음,400000,7,518,5달 전
사용감 없음,500000,14,438,5달 전
사용감 적음,380000,4,82,5달 전
새 상품,550000,0,272,5달 전
새 상품,20000,2,74,5달 전
사용감 없음,8000,0,38,5달 전
사용감 없음,430000,0,59,5달 전
사용감 없음,530000,0,10,5달 전
새 상품,565000,24,392,5달 전
새 상품,42500,0,170,4달 전
사용감 없음,550000,0,120,5달 전
사용감 없음,400000,0,28,5달 전
사용감 없음,475000,2,42,5달 전
새 상품,500000,1,40,5달 전
사용감 적음,320000,14,342,5달 전
사용감 없음,595000,0,3,5달 전
새 상품,600000,8,172,5달 전
사용감 적음,400000,1,26,5달 전
새 상품,400000,1,39,4달 전
사용감 적음,550000,28,1850,5달 전
새 상품,600000,7,275,5달 전
새 상품,650000,1,7,5달 전
사용감 없음,500000,2,41,5달 전
사용감 많음,350000,1,147,5달 전
사용감 적음,9999999,0,158,5달 전
사용감 적음,355000,9,278,5달 전
사용감 없음,480000,3,160,5달 전
새 상품,990000,53,7613,8시간 전
사용감 없음,999999999,1,313,5달 전
사용감 많음,330000,12,509,5달 전
사용감 없음,380000,11,222,5달 전
사용감 없음,410000,1,129,5달 전
사용감 적음,450000,1,80,5달 전
새 상품,500000,6,63,5달 전
사용감 없음,470000,4,71,5달 전
새 상품,590000,1,107,4달 전
새 상품,650000,2,46,5달 전
사용감 없음,350000,12,283,5달 전
사용감 없음,450000,0,12,5달 전
사용감 많음,450000,1,43,5달 전
사용감 없음,570000,2,57,5달 전
사용감 적음,320000,3,1067,5달 전
중고,520000,34,671,5달 전
사용감 적음,290000,0,79,5달 전
새 상품,580000,3,382,5달 전
사용감 없음,480000,1,23,5달 전
사용감 적음,450000,4,55,5달 전
사용감 없음,540000,0,116,5달 전
사용감 없음,500000,4,300,5달 전
새 상품,500000,0,186,5달 전
사용감 없음,350000,12,162,5달 전
새 상품,600000,3,30,5달 전
사용감 없음,550000,0,18,5달 전
사용감 없음,430000,7,204,5달 전
사용감 적음,360000,5,147,5달 전
사용감 없음,405000,5,111,5달 전
사용감 적음,550000,0,18,5달 전
새 상품,990000,53,7613,8시간 전
사용감 적음,500000,0,15,5달 전
사용감 많음,10000,0,25,5달 전
사용감 없음,500000,1,14,5달 전
새 상품,20000,2,79,5달 전
사용감 많음,350000,3,380,5달 전
사용감 없음,500000,1,35,5달 전
사용감 없음,500000,0,28,5달 전
새 상품,630000,4,18,5달 전
사용감 적음,370000,9,195,5달 전
새 상품,999999,0,139,5달 전
사용감 없음,300000,19,505,5달 전
사용감 없음,600000,0,4,5달 전
사용감 적음,480000,1,137,6달 전
사용감 적음,390000,0,61,5달 전
사용감 없음,500000,2,81,5달 전
새 상품,550000,1,150,5달 전
새 상품,625000,1,31,5달 전
새 상품,400000,3,454,6달 전
사용감 없음,550000,1,21,6달 전
고장/파손 상품,200000,0,358,5달 전
사용감 없음,480000,0,17,6달 전
새 상품,620000,1,36,5달 전
새 상품,580000,0,16,5달 전
새 상품,660000,1,6,5달 전
사용감 적음,500000,0,8,6달 전
사용감 없음,60000,4,35,5달 전
사용감 없음,500000,0,24,6달 전
사용감 적음,380000,2,79,5달 전
사용감 없음,500000,0,6,6달 전
새 상품,990000,53,7613,8시간 전
사용감 적음,480000,0,63,5달 전
새 상품,580000,1,38,5달 전
사용감 적음,410000,2,52,6달 전
새 상품,600000,0,41,5달 전
새 상품,500000,2,30,6달 전
사용감 없음,390000,0,47,5달 전
사용감 적음,480000,3,154,6달 전
사용감 적음,990,0,188,5달 전
사용감 없음,480000,0,30,6달 전
사용감 적음,400000,32,543,6달 전
사용감 적음,350000,0,38,6달 전
사용감 적음,400000,2,67,6달 전
새 상품,530000,4,91,5달 전
사용감 적음,3555,0,20,5달 전
사용감 적음,500000,0,24,6달 전
새 상품,580000,55,1168,6달 전
새 상품,650000,2,17,6달 전
사용감 적음,990,0,138,5달 전
사용감 없음,380000,17,379,6달 전
사용감 없음,470000,3,116,7달 전
사용감 적음,450000,1,53,6달 전
사용감 적음,550000,0,34,6달 전
사용감 적음,350000,2,58,6달 전
사용감 없음,400000,10,128,6달 전
새 상품,600000,0,87,6달 전
사용감 없음,600000,0,25,6달 전
사용감 적음,500000,0,38,6달 전
사용감 많음,150000,39,727,6달 전
사용감 없음,600000,0,23,6달 전
새 상품,990000,53,7613,8시간 전
사용감 적음,350000,12,568,3달 전
사용감 많음,550000,1,35,6달 전
사용감 적음,420000,11,284,6달 전
사용감 많음,300000,3,388,6달 전
사용감 적음,400000,0,12,6달 전
사용감 없음,400000,3,106,6달 전
새 상품,670000,0,30,6달 전
새 상품,658000,0,74,6달 전
사용감 없음,1004,1,243,6달 전
새 상품,600000,10,165,6달 전
사용감 적음,400000,12,242,6달 전
사용감 적음,300000,2,287,6달 전
새 상품,600000,3,77,6달 전
사용감 없음,999999999,1,444,6달 전
새 상품,630000,11,202,6달 전
중고,2000,3,105,6달 전
사용감 적음,380000,18,417,6달 전
새 상품,5500,6,170,6달 전
사용감 많음,400000,2,293,6달 전
사용감 없음,200000,84,1785,6달 전
사용감 적음,450000,0,42,6달 전
사용감 없음,550000,0,39,6달 전
사용감 없음,500000,10,648,6달 전
사용감 적음,430000,7,116,6달 전
사용감 적음,430000,53,1108,6달 전
사용감 적음,500000,3,265,6달 전
사용감 적음,320000,26,1610,6달 전
사용감 없음,500000,0,24,6달 전
사용감 적음,10000,3,258,6달 전
새 상품,990000,53,7613,8시간 전
사용감 적음,480000,0,29,6달 전
사용감 없음,550000,5,546,6달 전
사용감 없음,480000,3,50,6달 전
새 상품,1111,11,1372,6달 전
사용감 없음,440000,7,60,6달 전
중고,599000,6,282,6달 전
사용감 없음,500000,1,24,6달 전
새 상품,600000,0,29,6달 전
새 상품,650000,1,34,6달 전
새 상품,630000,2,44,6달 전
사용감 적음,400000,0,176,6달 전
새 상품,630000,0,14,6달 전
사용감 없음,450000,16,197,6달 전
새 상품,650000,0,48,6달 전
사용감 없음,500000,1,44,6달 전
사용감 없음,500000,2,48,6달 전
사용감 없음,400000,2,119,6달 전
사용감 적음,400000,0,14,6달 전
사용감 많음,440000,1,113,6달 전
사용감 적음,500000,0,67,7달 전
사용감 적음,450000,10,241,6달 전
새 상품,650000,1,28,6달 전
사용감 없음,450000,0,10,6달 전
사용감 적음,390000,1,107,6달 전
새 상품,550000,5,291,6달 전
사용감 없음,560000,0,21,6달 전
사용감 없음,400000,0,57,6달 전
사용감 적음,500000,0,26,6달 전
사용감 없음,600000,1,42,6달 전
새 상품,990000,53,7613,8시간 전
사용감 없음,410000,1,41,6달 전
사용감 없음,580000,0,60,6달 전
새 상품,640000,2,62,6달 전
사용감 없음,430000,0,56,6달 전
사용감 없음,500000,2,29,6달 전
사용감 적음,450000,2,46,6달 전
사용감 없음,500000,0,10,6달 전
새 상품,655000,0,47,6달 전
사용감 없음,500000,0,18,6달 전
새 상품,99999999,0,127,6달 전
사용감 적음,550000,1,115,6달 전
사용감 적음,350000,2,174,6달 전
사용감 없음,40000,1,55,6달 전
사용감 적음,400000,0,59,6달 전
사용감 적음,350000,7,206,7달 전
사용감 적음,370000,8,173,6달 전
사용감 없음,400000,2,45,6달 전
사용감 없음,400000,1,25,6달 전
사용감 적음,450000,0,20,7달 전
사용감 없음,600000,0,7,7달 전
사용감 없음,450000,4,33,6달 전
사용감 적음,300000,19,231,7달 전
새 상품,620000,1,21,6달 전
사용감 없음,400000,3,87,6달 전
새 상품,42500,3,335,6달 전
사용감 적음,430000,8,148,7달 전
사용감 적음,550000,1,23,7달 전
사용감 적음,370000,4,128,6달 전
사용감 없음,530000,0,25,6달 전
새 상품,990000,53,7613,8시간 전
사용감 적음,450000,3,170,6달 전
사용감 적음,490000,2,217,6달 전
사용감 적음,400000,1,130,6달 전
사용감 없음,420000,4,141,7달 전
사용감 없음,490000,5,118,7달 전
사용감 없음,65000,13,378,6달 전
사용감 적음,777777,35,1883,6달 전
고장/파손 상품,100000,3,404,6달 전
사용감 없음,520000,3,78,7달 전
사용감 적음,1004,0,232,6달 전
새 상품,22000,44,446,6달 전
사용감 없음,150000,2,408,6달 전
사용감 적음,480000,2,46,7달 전
사용감 없음,500000,2,14,6달 전
사용감 적음,450000,0,56,7달 전
사용감 적음,350000,56,1248,7달 전
사용감 적음,450000,0,45,6달 전
새 상품,12000,47,675,6달 전
사용감 없음,550000,3,146,7달 전
사용감 없음,400000,18,408,7달 전
새 상품,630000,1,14,7달 전
사용감 없음,420000,1,11,7달 전
사용감 적음,320000,3,175,7달 전
사용감 적음,380000,0,39,7달 전
사용감 적음,15000,4,68,7달 전
사용감 없음,5000,2,30,7달 전
사용감 없음,500000,1,55,7달 전
사용감 적음,420000,0,138,7달 전
새 상품,500000,0,113,7달 전
새 상품,990000,53,7613,8시간 전
새 상품,610000,5,248,7달 전
새 상품,20000,7,205,8달 전
사용감 적음,480000,1,30,7달 전
새 상품,400000,0,252,6달 전
사용감 적음,430000,0,43,7달 전
사용감 없음,500000,3,459,7달 전
새 상품,560000,1,56,7달 전
사용감 적음,480000,0,11,7달 전
사용감 적음,475000,29,1216,7달 전
사용감 적음,450000,16,511,7달 전
사용감 적음,360000,1,364,7달 전
새 상품,10000,12,106,6달 전
새 상품,1004,0,260,7달 전
사용감 적음,430000,1,147,7달 전
사용감 없음,480000,0,69,7달 전
사용감 적음,365000,9,200,7달 전
사용감 없음,420000,2,86,7달 전
사용감 없음,600000,1,59,7달 전
사용감 없음,430000,0,37,7달 전
사용감 적음,400000,2,106,7달 전
새 상품,540000,33,634,7달 전
사용감 없음,450000,9,187,7달 전
중고,500000,4,847,7달 전
사용감 없음,500000,2,37,7달 전
새 상품,570000,0,11,7달 전
사용감 적음,999,1,102,7달 전
새 상품,400000,0,211,7달 전
사용감 적음,550000,0,6,7달 전
사용감 없음,450000,3,123,7달 전
새 상품,990000,53,7613,8시간 전
사용감 없음,370000,43,808,7달 전
새 상품,660000,1,33,7달 전
새 상품,630000,0,29,7달 전
새 상품,640000,4,81,7달 전
중고,600000,10,401,7달 전
사용감 없음,500000,7,314,7달 전
사용감 적음,416500,18,332,7달 전
사용감 적음,460000,4,102,7달 전
새 상품,400000,0,76,7달 전
새 상품,116000,1,469,7달 전
사용감 없음,550000,13,150,7달 전
사용감 없음,430000,1,88,6달 전
사용감 적음,813,1,273,7달 전
사용감 없음,480000,4,69,7달 전
사용감 없음,480000,0,28,7달 전
새 상품,650000,1,24,7달 전
새 상품,630000,6,189,7달 전
새 상품,500000,58,885,7달 전
사용감 적음,500000,0,53,7달 전
새 상품,575000,1,85,7달 전
사용감 적음,460000,2,90,7달 전
사용감 없음,500000,1,30,7달 전
새 상품,500000,0,17,7달 전
사용감 적음,510000,2,163,7달 전
새 상품,680000,1,69,7달 전
사용감 적음,370000,4,221,7달 전
사용감 없음,550000,26,567,7달 전
새 상품,630000,0,41,7달 전
사용감 없음,500000,0,52,7달 전
새 상품,990000,53,7613,8시간 전
사용감 많음,375000,2,171,7달 전
사용감 적음,550000,0,16,7달 전
사용감 적음,550000,0,14,7달 전
사용감 적음,500000,0,21,7달 전
새 상품,670000,0,48,7달 전
사용감 적음,500000,0,13,7달 전
사용감 없음,550000,0,40,7달 전
사용감 많음,400000,1,93,7달 전
사용감 없음,600000,0,10,7달 전
새 상품,680000,1,225,7달 전
사용감 적음,460000,0,55,7달 전
사용감 없음,500000,4,53,7달 전
사용감 적음,400000,6,109,7달 전
사용감 없음,500000,0,29,7달 전
새 상품,900000,1,751,6달 전
새 상품,640000,1,40,7달 전
새 상품,580000,20,442,7달 전
사용감 많음,505000,0,98,8달 전
사용감 없음,480000,0,35,7달 전
사용감 적음,470000,1,55,7달 전
새 상품,610000,2,169,7달 전
사용감 적음,150000,0,198,7달 전
사용감 없음,510000,0,41,7달 전
사용감 적음,380000,4,70,7달 전
새 상품,690000,1,32,7달 전
새 상품,610000,4,55,8달 전
사용감 없음,500000,0,11,7달 전
사용감 없음,510000,1,119,7달 전
사용감 없음,500000,1,129,7달 전
새 상품,990000,53,7613,8시간 전
새 상품,620000,0,60,8달 전
사용감 없음,550000,0,29,8달 전
사용감 없음,500000,1,32,8달 전
사용감 없음,550000,0,19,7달 전
사용감 없음,400000,4,149,7달 전
사용감 없음,600000,0,66,7달 전
사용감 없음,600000,3,105,7달 전
사용감 없음,400000,1,103,7달 전
사용감 없음,500000,1,164,7달 전
사용감 적음,430000,0,76,8달 전
사용감 적음,1430000,1,183,7달 전
새 상품,10000,0,74,7달 전
사용감 적음,430000,4,208,7달 전
사용감 적음,430000,2,164,8달 전
새 상품,690000,0,14,8달 전
사용감 적음,440000,1,333,8달 전
사용감 적음,350000,3,1612,8달 전
사용감 적음,335000,7,227,8달 전
사용감 적음,500000,1,50,8달 전
사용감 없음,400000,15,161,7달 전
중고,400000,36,2066,8달 전
사용감 적음,380000,7,193,8달 전
사용감 적음,510000,15,598,8달 전
새 상품,650000,1,82,8달 전
사용감 없음,500000,3,89,8달 전
중고,87000,13,456,8달 전
새 상품,665000,1,24,8달 전
사용감 없음,550000,2,223,8달 전
새 상품,630000,2,118,8달 전
새 상품,990000,53,7613,8시간 전
새 상품,640000,3,138,8달 전
사용감 적음,390000,11,572,8달 전
사용감 적음,340000,0,176,7달 전
새 상품,610000,6,186,8달 전
사용감 없음,550000,5,65,8달 전
사용감 적음,420000,13,416,7달 전
사용감 적음,530000,2,30,8달 전
사용감 없음,500000,1,28,8달 전
사용감 없음,550000,2,46,8달 전
사용감 없음,550000,2,126,8달 전
사용감 없음,460000,37,640,8달 전
새 상품,99999,0,143,8달 전
사용감 없음,490000,2,85,8달 전
새 상품,3000000,0,107,7달 전
사용감 적음,450000,1,113,8달 전
사용감 없음,600000,1,25,8달 전
새 상품,680000,3,105,8달 전
사용감 없음,480000,9,172,8달 전
사용감 없음,450000,9,104,8달 전
사용감 적음,450000,6,143,8달 전
사용감 없음,469000,0,58,8달 전
새 상품,10000,2,66,8달 전
사용감 없음,650000,0,24,8달 전
사용감 없음,550000,1,53,8달 전
사용감 없음,480000,0,116,8달 전
사용감 없음,500000,3,123,8달 전
새 상품,580000,1,205,8달 전
새 상품,580000,0,89,8달 전
사용감 적음,380000,1,251,8달 전
새 상품,990000,53,7613,8시간 전
사용감 없음,500000,1,49,9달 전
사용감 적음,440000,6,188,8달 전
사용감 적음,480000,4,125,8달 전
사용감 없음,522000,0,21,8달 전
새 상품,650000,1,23,8달 전
사용감 적음,1004,0,59,8달 전
사용감 없음,450000,0,37,8달 전
사용감 없음,580000,0,21,8달 전
사용감 없음,430000,4,54,8달 전
사용감 적음,470000,1,66,8달 전
사용감 없음,400000,0,188,8달 전
사용감 적음,450000,4,246,8달 전
사용감 적음,460000,10,270,8달 전
사용감 적음,470000,0,385,8달 전
사용감 없음,450000,5,290,8달 전
새 상품,1000,1,345,8달 전
사용감 적음,450000,12,382,8달 전
사용감 없음,550000,3,69,8달 전
사용감 없음,10000,5,73,8달 전
새 상품,550000,1,125,8달 전
사용감 없음,320000,4,728,8달 전
사용감 없음,520000,4,59,8달 전
사용감 많음,370000,25,3263,8달 전
사용감 적음,440000,8,221,8달 전
사용감 적음,370000,1,127,8달 전
사용감 적음,400000,0,82,8달 전
사용감 없음,400000,35,992,8달 전
사용감 적음,420000,3,154,8달 전
사용감 적음,380000,5,271,8달 전
새 상품,990000,53,7613,8시간 전
새 상품,550000,5,106,8달 전
사용감 없음,400000,1,452,8달 전
새 상품,680000,1,104,8달 전
사용감 없음,550000,0,16,8달 전
사용감 없음,490000,5,183,8달 전
사용감 없음,490000,4,47,8달 전
사용감 없음,450000,8,255,8달 전
새 상품,580000,1,238,8달 전
사용감 적음,450000,0,91,10달 전
사용감 없음,520000,0,39,8달 전
사용감 없음,570000,6,167,8달 전
새 상품,619000,0,89,8달 전
사용감 없음,3000,1,53,8달 전
사용감 없음,500000,0,11,9달 전
사용감 없음,450000,2,51,8달 전
사용감 없음,430000,3,134,8달 전
사용감 없음,450000,5,71,9달 전
사용감 없음,600000,0,36,8달 전
사용감 적음,300000,1,522,9달 전
사용감 없음,420000,10,92,9달 전
사용감 없음,6000,2,152,9달 전
사용감 많음,450000,2,139,9달 전
새 상품,550000,0,23,9달 전
새 상품,600000,1,12,9달 전
사용감 적음,44444,0,52,8달 전
사용감 없음,600000,0,41,9달 전
사용감 없음,350000,4,340,9달 전
사용감 적음,370000,2,67,9달 전
사용감 적음,450000,0,29,9달 전
새 상품,990000,53,7613,8시간 전
중고,400000,5,148,9달 전
사용감 없음,430000,1,219,8달 전
사용감 없음,1000,5,1019,8달 전
새 상품,570000,0,66,8달 전
사용감 적음,450000,2,39,9달 전
사용감 적음,440000,1,84,9달 전
사용감 적음,440000,0,19,9달 전
새 상품,670000,1,34,9달 전
사용감 적음,390000,0,77,9달 전
사용감 없음,470000,6,135,9달 전
사용감 없음,550000,0,14,9달 전
사용감 없음,430000,4,81,9달 전
새 상품,670000,2,30,9달 전
새 상품,29000,16,304,8달 전
사용감 적음,430000,1,73,9달 전
사용감 없음,489000,1,25,9달 전
사용감 없음,470000,3,22,9달 전
사용감 없음,6900,6,211,9달 전
사용감 적음,500000,1,27,9달 전
사용감 없음,650000,0,11,9달 전
사용감 없음,550000,0,8,9달 전
사용감 적음,450000,2,160,9달 전
사용감 없음,550000,0,42,9달 전
중고,15000,6,383,9달 전
사용감 없음,500000,0,103,9달 전
사용감 없음,550000,1,49,9달 전
사용감 적음,380000,10,781,9달 전
새 상품,29200,0,84,9달 전
사용감 없음,420000,1,63,9달 전
새 상품,990000,53,7613,8시간 전
사용감 적음,400000,18,317,9달 전
사용감 적음,460000,2,90,9달 전
사용감 없음,650000,0,21,9달 전
사용감 적음,300000,0,229,9달 전
사용감 적음,475000,0,22,9달 전
사용감 적음,380000,2,385,9달 전
사용감 없음,80000,14,126,9달 전
새 상품,3500,0,140,9달 전
사용감 많음,360000,2,442,9달 전
사용감 없음,440000,1,26,9달 전
사용감 적음,350000,3,84,9달 전
사용감 적음,450000,2,70,9달 전
중고,500000,2,92,9달 전
사용감 적음,400000,5,260,9달 전
새 상품,670000,1,18,9달 전
새 상품,1004,1,395,9달 전
새 상품,625000,5,140,9달 전
새 상품,625000,7,158,9달 전
사용감 없음,450000,1,23,9달 전
사용감 없음,530000,10,316,9달 전
사용감 없음,650000,0,84,9달 전
사용감 적음,400000,5,139,9달 전
사용감 적음,430000,3,98,9달 전
새 상품,999999,2,329,9달 전
사용감 없음,465500,0,309,9달 전
사용감 적음,600000,0,41,9달 전
새 상품,7000,9,129,9달 전
사용감 적음,480000,7,657,9달 전
사용감 없음,999999999,2,178,9달 전
새 상품,990000,53,7613,8시간 전
사용감 적음,455000,2,105,9달 전
사용감 없음,440000,1,49,9달 전
사용감 적음,420000,18,240,9달 전
사용감 없음,379000,35,1186,9달 전
사용감 없음,540000,0,26,9달 전
새 상품,42500,0,129,9달 전
사용감 없음,530000,1,97,9달 전
사용감 많음,330000,3,227,10달 전
새 상품,999999,1,551,9달 전
사용감 없음,680000,0,22,9달 전
새 상품,550000,0,139,10달 전
사용감 많음,350000,9,689,9달 전
사용감 없음,500000,2,94,9달 전
새 상품,650000,0,40,9달 전
사용감 없음,445000,3,305,9달 전
사용감 없음,500000,0,18,10달 전
사용감 적음,460000,11,195,10달 전
사용감 없음,390000,2,119,9달 전
사용감 적음,1800000,3,141,9달 전
사용감 없음,552500,0,10,10달 전
사용감 적음,420000,8,649,10달 전
사용감 많음,430000,1,125,9달 전
새 상품,680000,2,89,9달 전
사용감 없음,500000,1,78,9달 전
사용감 없음,500000,0,56,9달 전
사용감 없음,480000,5,376,10달 전
사용감 없음,480000,1,213,10달 전
사용감 없음,420000,1,24,10달 전
사용감 적음,500000,1,45,9달 전
새 상품,990000,53,7613,8시간 전
사용감 적음,450000,5,180,10달 전
사용감 없음,460000,0,38,10달 전
사용감 많음,400000,0,217,9달 전
사용감 많음,350000,9,678,10달 전
사용감 없음,510000,2,200,9달 전
새 상품,670000,2,55,10달 전
새 상품,500000,2,172,10달 전
새 상품,380000,24,462,10달 전
새 상품,1240000,0,70,10달 전
사용감 없음,500000,8,155,10달 전
새 상품,680000,0,23,10달 전
새 상품,640000,1,142,10달 전
사용감 없음,600000,0,155,10달 전
사용감 없음,500000,1,67,10달 전
사용감 없음,480000,14,155,10달 전
사용감 없음,600000,1,182,10달 전
사용감 적음,365000,3,359,10달 전
사용감 없음,540000,9,253,10달 전
사용감 없음,490000,19,720,10달 전
새 상품,600000,5,119,10달 전
새 상품,620000,0,23,10달 전
사용감 적음,500000,0,31,10달 전
새 상품,650000,1,23,10달 전
사용감 적음,500000,0,71,10달 전
사용감 적음,450000,0,27,10달 전
사용감 없음,500000,0,28,10달 전
새 상품,1662,0,452,10달 전
새 상품,670000,1,56,10달 전
사용감 없음,520000,5,196,10달 전
새 상품,990000,53,7613,8시간 전
사용감 적음,520000,0,21,10달 전
사용감 적음,470000,0,85,10달 전
새 상품,620000,0,19,10달 전
사용감 적음,450000,1,237,10달 전
새 상품,400000,2,366,10달 전
사용감 적음,380000,38,1077,10달 전
사용감 적음,465000,4,156,10달 전
사용감 적음,880000,8,724,10달 전
새 상품,510000,1,151,10달 전
새 상품,630000,2,63,10달 전
새 상품,610000,0,21,10달 전
새 상품,600000,1,13,10달 전
사용감 없음,405000,11,247,10달 전
중고,503000,18,2407,10달 전
중고,550000,2,143,10달 전
사용감 적음,550000,0,22,10달 전
새 상품,690000,1,65,10달 전
사용감 적음,550000,5,369,10달 전
새 상품,620000,1,20,10달 전
사용감 적음,400000,4,145,10달 전
사용감 적음,380000,2,121,10달 전
사용감 적음,50000,4,227,10달 전
사용감 없음,450000,20,267,10달 전
중고,450000,10,2487,10달 전
사용감 없음,520000,1,226,10달 전
사용감 적음,530000,6,599,10달 전
사용감 적음,420000,4,136,10달 전
새 상품,640000,7,184,10달 전
사용감 적음,400000,4,179,10달 전
새 상품,990000,53,7613,8시간 전
중고,405000,12,1223,10달 전
사용감 없음,480000,0,131,10달 전
새 상품,630000,0,66,10달 전
사용감 적음,500000,2,80,10달 전
새 상품,640000,2,82,10달 전
중고,580000,1,153,10달 전
사용감 적음,480000,1,42,10달 전
사용감 없음,560000,5,442,10달 전
사용감 적음,550000,0,54,10달 전
사용감 없음,530000,0,20,10달 전
사용감 없음,450000,16,635,10달 전
사용감 없음,450000,1,105,10달 전
새 상품,620000,0,13,10달 전
사용감 없음,580000,2,67,10달 전
사용감 없음,650000,1,74,10달 전
사용감 적음,100000,38,1816,10달 전
사용감 없음,450000,8,211,10달 전
사용감 없음,400000,18,1959,10달 전
새 상품,620000,0,14,10달 전
사용감 없음,570000,1,137,10달 전
새 상품,690000,4,127,10달 전
사용감 없음,550000,0,20,10달 전
사용감 없음,650000,1,24,10달 전
새 상품,650000,1,7,10달 전
새 상품,630000,6,269,10달 전
사용감 없음,550000,0,25,10달 전
사용감 적음,350000,84,1633,10달 전
새 상품,998000,1,183,10달 전
중고,370000,51,1620,10달 전
새 상품,990000,53,7613,8시간 전
사용감 적음,310000,2,191,11달 전
사용감 없음,450000,9,419,11달 전
새 상품,650000,2,44,10달 전
사용감 적음,470000,3,94,11달 전
사용감 적음,400000,1,195,11달 전
중고,420000,10,434,10달 전
새 상품,500000,11,600,10달 전
사용감 적음,410000,0,34,11달 전
사용감 적음,430000,0,114,11달 전
사용감 적음,500000,3,62,10달 전
사용감 많음,450000,0,118,11달 전
사용감 없음,510000,12,179,11달 전
사용감 적음,460000,8,231,11달 전
사용감 없음,11111,1,100,10달 전
중고,360000,0,149,11달 전
새 상품,640000,3,194,11달 전
사용감 적음,530000,0,39,10달 전
사용감 없음,500000,0,31,10달 전
사용감 적음,380000,0,86,11달 전
새 상품,640000,1,39,11달 전
사용감 적음,430000,1,43,11달 전
사용감 적음,480000,0,82,11달 전
중고,550000,57,2964,11달 전
사용감 없음,550000,1,221,11달 전
사용감 적음,500000,3,93,11달 전
사용감 없음,540000,1,34,11달 전
중고,550000,0,310,11달 전
사용감 없음,470000,3,93,11달 전
사용감 없음,470000,3,92,11달 전
새 상품,990000,53,7613,8시간 전
사용감 적음,450000,0,95,11달 전
사용감 없음,450000,2,39,11달 전
중고,450000,6,288,11달 전
사용감 없음,630000,1,119,11달 전
사용감 없음,500000,0,111,11달 전
사용감 없음,1234,1,192,11달 전
사용감 없음,550000,2,95,11달 전
사용감 많음,450000,3,332,11달 전
새 상품,746000,5,880,11달 전
사용감 없음,450000,2,64,11달 전
사용감 없음,500,0,107,11달 전
새 상품,650000,16,452,11달 전
사용감 적음,330000,2,235,10달 전
사용감 없음,10000,1,88,11달 전
사용감 많음,290000,19,1591,11달 전
사용감 없음,620000,1,44,11달 전
새 상품,23000,25,580,11달 전
중고,400000,0,50,11달 전
중고,600000,0,15,11달 전
사용감 없음,560000,10,503,11달 전
사용감 없음,415000,9,144,11달 전
사용감 없음,500000,1,38,11달 전
사용감 없음,530000,10,489,11달 전
새 상품,45000,7,261,11달 전
사용감 많음,430000,1,144,11달 전
사용감 없음,500000,0,56,11달 전
새 상품,510000,3,169,11달 전
새 상품,660000,0,15,11달 전
사용감 적음,1111111,1,211,11달 전
새 상품,990000,53,7613,8시간 전
사용감 적음,420000,3,240,11달 전
새 상품,550000,2,106,11달 전
새 상품,500000,0,198,11달 전
중고,40000,7,229,11달 전
사용감 적음,400000,1,446,11달 전
사용감 없음,350000,1,201,11달 전
사용감 적음,350000,39,1701,11달 전
사용감 적음,390000,15,555,11달 전
사용감 없음,450000,4,245,11달 전
사용감 적음,360000,0,176,11달 전
사용감 적음,480000,0,65,11달 전
새 상품,42500,4,734,11달 전
새 상품,630000,1,65,11달 전
사용감 적음,550000,4,512,11달 전
새 상품,670000,0,63,11달 전
사용감 적음,450000,1,137,11달 전
사용감 적음,480000,6,375,11달 전
사용감 없음,450000,2,245,11달 전
사용감 없음,500,6,414,11달 전
사용감 없음,500000,2,102,11달 전
새 상품,10000,2,498,11달 전
사용감 없음,520000,1,40,11달 전
사용감 없음,600000,0,7,11달 전
새 상품,650000,2,160,11달 전
중고,569000,4,147,11달 전
새 상품,999,9,1279,11달 전
중고,650000,0,46,11달 전
사용감 없음,400000,12,213,12달 전
중고,460000,5,112,11달 전
새 상품,990000,53,7613,8시간 전
사용감 없음,150000,16,1712,4달 전
중고,489000,3,88,12달 전
중고,660000,1,77,11달 전
사용감 없음,450000,0,58,11달 전
중고,600000,0,101,12달 전
새 상품,600000,0,60,12달 전
새 상품,520000,3,144,11달 전
사용감 없음,500000,2,159,11달 전
중고,400000,6,693,12달 전
사용감 없음,500000,0,102,12달 전
새 상품,650000,5,278,12달 전
새 상품,700000,3,267,12달 전
중고,440000,12,419,12달 전
사용감 적음,400000,1,89,12달 전
사용감 없음,570000,10,213,12달 전
사용감 없음,450000,17,449,11달 전
중고,390000,1,115,12달 전
새 상품,650000,21,564,12달 전
새 상품,650000,1,77,12달 전
중고,420000,4,90,12달 전
새 상품,20000,2,273,12달 전
새 상품,400000,3,1030,11달 전
중고,160000,23,1751,12달 전
새 상품,530000,60,3248,10달 전
중고,500000,25,834,12달 전
사용감 없음,450000,2,55,11시간 전
새 상품,730000,5,525,2시간 전
새 상품,15000,147,3809,9시간 전
사용감 적음,990000,0,146,17시간 전
새 상품,990000,53,7613,8시간 전
사용감 없음,1400000,15,681,9시간 전
사용감 없음,720000,13,1272,9시간 전
새 상품,1250000,1,50,14시간 전
사용감 적음,350000,5,218,6시간 전
사용감 없음,40000,1,35,7시간 전
사용감 많음,30000,2,64,1주 전
사용감 적음,1080000,0,104,1달 전
사용감 적음,1180000,1,88,1달 전
사용감 적음,450000,4,162,2주 전
새 상품,1950000,5,261,18시간 전
사용감 많음,55000,6,129,1달 전
사용감 없음,800000,7,154,1주 전
사용감 적음,380000,3,34,3달 전
사용감 없음,180000,1,71,5달 전
사용감 적음,6000,1,213,4달 전
사용감 없음,450000,7,177,5달 전
새 상품,5900000,3,330,5시간 전
사용감 없음,1320000,2,294,3달 전
새 상품,14000,0,88,16시간 전
사용감 많음,250000,0,22,7일 전
사용감 적음,330000,6,80,1주 전
새 상품,6000,1,40,1주 전
사용감 많음,400000,0,14,1주 전
사용감 없음,1250000,8,366,2일 전
사용감 적음,470000,1,23,2주 전
사용감 많음,430000,3,110,1달 전
새 상품,1700000,4,196,1주 전
사용감 적음,400000,0,75,8달 전
새 상품,650000,4,141,1주 전
새 상품,990000,53,7613,8시간 전
새 상품,1560000,6,409,3일 전
사용감 적음,500000,5,492,2달 전
새 상품,100000,1,1183,9달 전
